NAME,CBSAA,POP_2015,POP_2016,POP_2017,POP_2018,POP_2019,POP_2020,POP_2021,POP_2022
"Aberdeen, WA Micro Area",10140,71122,71628,72697,73901,75061,75636,76841,77038
"Abilene, TX Metro Area",10180,168922,170860,169747,174006,171795,176579,178608,180982
"Adrian, MI Micro Area",10300,98573,98504,98623,98266,98451,99423,98956,98567
"Aguadilla-Isabela, PR Metro Area",10380,313209,309764,306000,292919,288877,310160,309515,310652
"Akron, OH Metro Area",10420,704243,702221,703505,704845,703479,702219,700015,697627
"Alamogordo, NM Micro Area",10460,64362,65410,65817,66781,67490,67839,68537,68823
"Albany, GA Metro Area",10500,156997,152506,151754,151158,147384,148922,146961,146387
"Albany-Lebanon, OR Metro Area",10540,120547,122849,125047,127335,129749,128610,129839,130467
"Albany-Schenectady-Troy, NY Metro Area",10580,881830,881839,886188,883169,880381,899262,899286,904617
"Albertville, AL Micro Area",10700,94725,95157,95548,96109,96774,97612,98228,99423
"Albuquerque, NM Metro Area",10740,906209,913924,913113,916791,914480,916528,921311,923925
"Alexandria, LA Metro Area",10780,154484,154789,153984,153044,152037,152192,150890,149189
"Allentown-Bethlehem-Easton, PA-NJ Metro Area",10900,832327,835652,840550,842913,844052,861889,865310,871229
"Altoona, PA Metro Area",11020,125593,124650,123457,122492,121829,122822,121767,121032
"Amarillo, TX Metro Area",11100,263258,263491,266575,268356,269447,268691,270119,271480
"Ames, IA Metro Area",11180,96021,97090,97502,98105,123351,125252,126195,126282
"Anchorage, AK Metro Area",11260,399790,402557,400888,399148,396317,398328,398807,400470
"Ann Arbor, MI Metro Area",11460,358880,364709,367627,370963,367601,372258,369390,366376
"Anniston-Oxford, AL Metro Area",11500,115620,114611,114728,114277,113605,116441,115972,115788
"Appleton, WI Metro Area",11540,233007,234079,236126,237524,237974,243147,244084,244845
"Arecibo, PR Metro Area",11640,188295,185250,181643,174271,174606,182705,182014,180063
"Asheville, NC Metro Area",11700,446840,452319,456145,459585,462680,469015,472341,476072
"Ashtabula, OH Micro Area",11780,98632,98231,97807,97493,97241,97574,97337,97014
"Athens, TX Micro Area",11980,79545,79901,81064,82299,82737,82150,83667,84511
"Athens-Clarke County, GA Metro Area",12020,201813,206360,206937,211802,212706,215415,217382,220191
"Atlanta-Sandy Springs-Alpharetta, GA Metro Area",12060,5709731,5790210,5882450,5950828,6018744,6089815,6144970,6222908
"Atlantic City-Hammonton, NJ Metro Area",12100,274219,270991,269918,265429,263670,274534,274966,275638
"Auburn, NY Micro Area",12180,78288,77861,77603,77145,76576,76248,75880,74998
"Auburn-Opelika, AL Metro Area",12220,156993,158991,161604,163941,164542,174241,177218,180773
"Augusta-Richmond County, GA-SC Metro Area",12260,590772,595147,600600,605903,610648,611000,616395,622829
"Augusta-Waterville, ME Micro Area",12300,119980,120569,121821,122083,122302,123642,124486,125540
"Austin-Round Rock-Georgetown, TX Metro Area",12420,2000860,2056405,2115827,2168316,2227083,2283371,2352426,2421115
"Bakersfield, CA Metro Area",12540,882176,884788,893119,896764,900202,909235,917673,916108
"Baltimore-Columbia-Towson, MD Metro Area",12580,2797407,2798886,2808175,2802789,2800053,2844510,2838327,2835672
"Bangor, ME Metro Area",12620,152692,151806,151957,151096,152148,152199,152765,153704
"Baraboo, WI Micro Area",12660,,,,,,65763,65697,65777
"Barnstable Town, MA Metro Area",12700,214333,214276,213444,213413,212990,228996,232411,232457
"Baton Rouge, LA Metro Area",12940,830480,835175,834159,831310,854884,870569,871905,873060
"Battle Creek, MI Metro Area",12980,134314,134386,134128,134487,134159,134310,133819,133289
"Bay City, MI Metro Area",13020,105659,104747,104239,103923,103126,103856,102985,102821
"Beaumont-Port Arthur, TX Metro Area",13140,408216,409901,411339,410233,392563,397565,395419,393575
"Beaver Dam, WI Micro Area",13180,88502,88068,87786,87847,87839,89396,89313,88282
"Beckley, WV Metro Area",13220,122507,120924,118543,117272,115767,115079,113698,112369
"Bellingham, WA Metro Area",13380,212284,216800,221404,225685,229247,226847,228831,230677
"Bend, OR Metro Area",13460,175268,181307,186875,191996,197692,198253,204801,206549
"Billings, MT Metro Area",13740,169329,169736,172081,171894,181667,184167,187037,190208
"Binghamton, NY Metro Area",13780,246020,244094,242217,240219,238691,247138,245220,244889
"Birmingham-Hoover, AL Metro Area",13820,1145647,1147417,1149807,1151801,1090435,1115289,1114262,1116857
"Bismarck, ND Metro Area",13900,129640,131547,132767,132317,129115,133626,134028,134427
"Blacksburg-Christiansburg, VA Metro Area",13980,179904,183411,181986,181926,166109,166378,168404,167534
"Bloomington, IL Metro Area",14010,188725,187326,186356,190884,171517,170954,170889,171141
"Bloomington, IN Metro Area",14020,165577,166336,167825,167762,169230,161039,161321,161227
"Bloomsburg-Berwick, PA Metro Area",14100,85229,84763,84204,83696,83194,82863,82959,83017
"Bluefield, WV-VA Micro Area",14140,104063,102618,100848,99986,105344,106363,104994,105147
"Boise City, ID Metro Area",14260,675800,690214,710323,732257,749057,764718,801470,813801
"Boston-Cambridge-Newton, MA-NH Metro Area",14460,4774321,4794447,4836531,4875390,4873019,4941632,4899932,4900550
"Boulder, CO Metro Area",14500,319372,322226,322514,326078,326196,330758,329543,327468
"Bowling Green, KY Metro Area",14540,166890,174560,178474,177183,176816,179639,186107,184636
"Bozeman, MT Micro Area",14580,100739,104502,107810,111876,114434,118960,122713,124857
"Brainerd, MN Micro Area",14660,92134,92933,93779,94408,94834,96189,97909,99222
"Bremerton-Silverdale-Port Orchard, WA Metro Area",14740,260131,264811,266414,269805,271473,275611,274314,277673
"Bridgeport-Stamford-Norwalk, CT Metro Area",14860,948053,944177,949921,943823,943332,957419,959768,963211
"Brownsville-Harlingen, TX Metro Area",15180,422156,422135,423725,423908,423163,421017,423029,425208
"Brunswick, GA Metro Area",15260,117771,115737,114473,116864,119122,113495,115033,111077
"Buffalo-Cheektowaga, NY Metro Area",15380,1135230,1132804,1136856,1130152,1127983,1166902,1162336,1161192
"Burlington, NC Metro Area",15500,158276,159688,162391,166436,169509,171415,173877,176353
"Burlington-South Burlington, VT Metro Area",15540,216661,217411,218341,220612,219433,225562,226715,228270
"California-Lexington Park, MD Metro Area",15680,111413,112587,112667,112664,113510,113777,114468,114877
"Canton-Massillon, OH Metro Area",15940,402976,401281,399927,398655,397520,401574,400525,399316
"Cape Coral-Fort Myers, FL Metro Area",15980,701982,722336,739224,754610,770577,760822,787976,822453
"Cape Girardeau, MO-IL Metro Area",16020,96542,94806,98239,93647,93397,97517,96456,95449
"Carbondale-Marion, IL Metro Area",16060,126828,126430,125612,124475,137159,133435,133006,132563
"Carson City, NV Metro Area",16180,54521,54742,54745,55414,55916,58639,58993,58130
"Casper, WY Metro Area",16220,82178,81039,79547,79115,79858,79955,79555,79601
"Cedar Rapids, IA Metro Area",16300,266040,267799,270293,272295,273032,276520,275435,275592
"Centralia, WA Micro Area",16500,75882,77066,78200,79604,80707,82149,84398,85370
"Chambersburg-Waynesboro, PA Metro Area",16540,153638,153851,154234,154835,155027,155932,156289,156902
"Champaign-Urbana, IL Metro Area",16580,239672,239872,241000,237356,226033,222538,222696,223265
"Charleston, WV Metro Area",16620,219236,219579,215089,211285,257814,258859,252942,250554
"Charleston-North Charleston, SC Metro Area",16700,744526,761155,775831,787643,802122,799636,813052,830529
"Charlotte-Concord-Gastonia, NC-SC Metro Area",16740,2426363,2474314,2525305,2569213,2636883,2660329,2701046,2756069
"Charlottesville, VA Metro Area",16820,230602,229467,232182,231565,218358,221524,220569,223534
"Chattanooga, TN-GA Metro Area",16860,546351,551200,554876,558703,566153,562647,567395,573767
"Cheyenne, WY Metro Area",16940,97121,98136,98327,98976,99500,100512,100863,100723
"Chicago-Naperville-Elgin, IL-IN-WI Metro Area",16980,9550108,9512968,9533895,9497790,9457867,9618502,9510390,9442159
"Chico, CA Metro Area",17020,225411,226864,229294,231256,219186,211632,208309,207303
"Chillicothe, OH Micro Area",17060,77170,77000,77313,76931,76666,77093,76891,76606
"Cincinnati, OH-KY-IN Metro Area",17140,2159329,2161441,2180746,2189442,2219750,2256884,2261665,2268393
"Clarksburg, WV Micro Area",17220,91756,90499,90929,89718,91707,90434,90546,88405
"Clarksville, TN-KY Metro Area",17300,279887,282075,285602,290745,311073,320535,329864,336447
"Clearlake, CA Micro Area",17340,64591,64116,64246,64382,64386,68163,68766,68191
"Cleveland, TN Metro Area",17420,121678,123861,123935,124748,126801,126164,129855,129303
"Cleveland-Elyria, OH Metro Area",17460,2060810,2055612,2058844,2057009,2048449,2088251,2075662,2063132
"Coeur d'Alene, ID Metro Area",17660,150346,154311,157637,161505,165697,171362,179789,183578
"College Station-Bryan, TX Metro Area",17780,250145,254716,258860,265024,268101,268248,271026,279045
"Colorado Springs, CO Metro Area",17820,697856,712327,723878,738939,745791,755105,762792,765424
"Columbia, MO Metro Area",17860,174974,176594,178271,180005,208548,210864,212796,214749
"Columbia, SC Metro Area",17900,810574,816450,825004,833165,839039,829470,836324,847804
"Columbus, GA-AL Metro Area",17980,312936,307816,305911,307149,322103,328883,326491,324416
"Columbus, IN Metro Area",18020,81162,81402,82040,82753,83779,82208,82475,83540
"Columbus, OH Metro Area",18140,2021632,2041520,2078725,2106541,2122271,2138926,2151017,2161511
"Concord, NH Micro Area",18180,147994,148582,149216,151132,151391,153808,155238,156020
"Cookeville, TN Micro Area",18260,107851,110925,111571,111825,115274,113982,116526,117625
"Corning, NY Micro Area",18500,97631,96940,96281,95796,95379,93584,92948,92599
"Corpus Christi, TX Metro Area",18580,450436,452790,449830,452927,429024,421933,422778,421628
"Corvallis, OR Metro Area",18700,87572,89385,90951,92101,93053,95184,96017,97630
"Crestview-Fort Walton Beach-Destin, FL Metro Area",18880,262172,267059,271346,278644,284809,286973,293324,299786
"Cullman, AL Micro Area",18980,82005,82471,82755,83442,83768,87866,89496,90665
"Cumberland, MD-WV Metro Area",19060,99979,99541,98837,97915,97284,95044,94586,94122
"Dallas-Fort Worth-Arlington, TX Metro Area",19100,7102165,7232599,7400479,7540371,7573136,7637387,7759615,7943685
"Dalton, GA Metro Area",19140,143781,143904,144440,143983,144724,142837,142799,143604
"Danville, IL Metro Area",19180,79282,78111,77909,76806,75758,74188,73095,72337
"Danville, VA Micro Area",19260,104276,103585,102388,101642,100398,103091,102187,102181
"Daphne-Fairhope-Foley, AL Metro Area",19300,203709,208563,212628,218022,223234,231767,239294,246435
"Davenport-Moline-Rock Island, IA-IL Metro Area",19340,384584,383352,382298,380106,378923,384324,381447,378269
"Dayton-Kettering, OH Metro Area",19430,,,,,807611,814049,813516,812595
"Decatur, AL Metro Area",19460,152680,152256,151867,152046,152603,156494,156758,157425
"Decatur, IL Metro Area",19500,107303,106550,105801,104712,104009,103998,102432,101483
"Deltona-Daytona Beach-Ormond Beach, FL Metro Area",19660,623279,637674,649202,659605,668365,668921,685344,705897
"Denver-Aurora-Lakewood, CO Metro Area",19740,2814330,2853077,2888227,2932415,2967239,2963821,2972567,2985871
"Des Moines-West Des Moines, IA Metro Area",19780,622899,634725,645911,655409,699292,709466,719146,729053
"Detroit-Warren-Dearborn, MI Metro Area",19820,4302043,4297617,4313002,4326442,4319629,4392041,4365205,4345761
"Dothan, AL Metro Area",20020,148171,147834,147914,148245,149358,151007,151618,152517
"Dover, DE Metro Area",20100,173533,174827,176824,178550,180786,181851,184149,186946
"Dublin, GA Micro Area",20140,,,,,66343,65165,,65903
"DuBois, PA Micro Area",20180,80994,80596,79685,79388,79255,80562,80082,77904
"Dubuque, IA Metro Area",20220,97125,97003,97041,96854,97311,99266,98718,98677
"Duluth, MN-WI Metro Area",20260,279601,279227,278782,278799,289383,291638,292285,291931
"Durham-Chapel Hill, NC Metro Area",20500,552493,559535,567428,575412,644367,649903,654012,664310
"East Stroudsburg, PA Metro Area",20700,166397,166098,168046,169507,170271,168327,169273,167198
"Eau Claire, WI Metro Area",20740,165636,166614,167484,168669,169304,172007,173317,173644
"El Centro, CA Metro Area",20940,180191,180883,182830,181827,181215,179702,179851,178713
"Elizabethtown-Fort Knox, KY Metro Area",21060,147877,150447,149813,152459,154713,155572,157318,157854
"Elkhart-Goshen, IN Metro Area",21140,203474,203781,205032,205560,206341,207047,206921,206890
"Elmira, NY Metro Area",21300,87071,86322,85557,84254,83456,84148,83045,81426
"El Paso, TX Metro Area",21340,838019,842114,842677,844723,843725,868859,871727,871323
"Enid, OK Metro Area",21420,,62603,61581,60913,61056,62846,61926,61920
"Erie, PA Metro Area",21500,278045,276207,274541,272061,269728,270876,269011,267689
"Eugene-Springfield, OR Metro Area",21660,362895,369519,374748,379611,382067,382971,383189,382353
"Eureka-Arcata, CA Micro Area",21700,135727,136646,136754,136373,135558,136463,136310,135010
"Evansville, IN-KY Metro Area",21780,315693,315948,315669,314672,315086,314049,313946,314038
"Fairbanks, AK Metro Area",21820,99631,100605,99703,98971,96849,95655,95593,95356
"Fargo, ND-MN Metro Area",22020,233836,238124,241356,245471,246145,249843,252136,258663
"Faribault-Northfield, MN Micro Area",22060,65400,65622,65968,66523,66972,67097,67262,67693
"Farmington, MO Micro Area",22100,66520,66627,66705,66692,67215,66922,67541,66969
"Farmington, NM Metro Area",22140,118737,115079,126926,125043,123958,121661,120993,120418
"Fayetteville, NC Metro Area",22180,376509,380389,386662,387094,526719,520378,524588,529318
"Fayetteville-Springdale-Rogers, AR Metro Area",22220,515403,527153,535557,553795,536120,546725,558507,576724
"Findlay, OH Micro Area",22300,75573,75872,75754,75930,75783,74920,74656,74861
"Flagstaff, AZ Metro Area",22380,139097,140908,140776,142854,143476,145101,145052,144060
"Flint, MI Metro Area",22420,410849,408615,407385,406892,405813,406211,404208,401983
"Florence, SC Metro Area",22500,206448,205976,205831,204961,204911,199964,199259,199119
"Florence-Muscle Shoals, AL Metro Area",22520,146950,146534,147038,147149,147970,150791,151517,153911
"Fond du Lac, WI Metro Area",22540,101973,102144,102548,103066,103403,104154,104362,103836
"Fort Collins, CO Metro Area",22660,333577,339993,343976,350518,356899,359066,362533,366778
"Fort Payne, AL Micro Area",22840,,70900,71617,71385,71513,71608,71813,71998
"Fort Smith, AR-OK Metro Area",22900,280241,281227,282086,282318,249152,244310,247661,246751
"Fort Wayne, IN Metro Area",23060,429820,431802,434617,437631,413263,419601,423038,426076
"Frankfort, KY Micro Area",23180,71505,72718,73029,73478,73738,75393,75717,75831
"Fresno, CA Metro Area",23420,974861,979915,989255,994400,999101,1008654,1013581,1015190
"Gadsden, AL Metro Area",23460,103057,102564,102755,102501,102268,103436,103162,103088
"Gainesville, FL Metro Area",23540,276881,281796,285374,288711,328517,339247,344881,350903
"Gainesville, GA Metro Area",23580,193535,196637,199335,202148,204441,203136,207369,212692
"Gallup, NM Micro Area",23700,76708,74923,72564,72290,71367,72902,71780,69830
"Gettysburg, PA Metro Area",23900,102295,102180,102336,102811,103009,103852,104127,106027
"Glens Falls, NY Metro Area",24020,126918,126367,126152,125462,125148,127039,126574,126440
"Glenwood Springs, CO Micro Area",24060,78056,76886,76769,78170,79002,79043,81084,79664
"Goldsboro, NC Metro Area",24140,124132,124150,124172,123248,123131,117333,116835,117286
"Granbury, TX Micro Area",24180,,,,,,61598,,66373
"Grand Forks, ND-MN Metro Area",24220,102449,102743,102414,102299,100815,104362,103462,103144
"Grand Island, NE Metro Area",24260,84942,85584,85936,85104,75553,77038,76175,76333
"Grand Junction, CO Metro Area",24300,148513,150083,151616,153207,154210,155703,157335,158636
"Grand Rapids-Kentwood, MI Metro Area",24340,1038583,1047099,1059113,1069405,1077370,1087592,1091620,1094198
"Grants Pass, OR Metro Area",24420,84745,85904,86352,87393,87487,88090,88346,87730
"Great Falls, MT Metro Area",24500,82278,81755,81654,81643,81366,84414,84511,84864
"Greeley, CO Metro Area",24540,285174,294932,304633,314305,324492,328981,340036,350176
"Green Bay, WI Metro Area",24580,316519,318236,320050,321591,322906,328268,329490,330292
"Greeneville, TN Micro Area",24620,68580,68615,68808,69087,69069,70152,70621,71405
"Greensboro-High Point, NC Metro Area",24660,752157,756139,761184,767711,771851,776566,778848,784101
"Greenville, NC Metro Area",24780,175842,177220,179042,179914,180742,170243,172169,173542
"Greenville-Anderson, SC Metro Area",24860,874869,884975,895923,906626,920477,928195,940774,958958
"Greenwood, SC Micro Area",24940,94211,95503,96293,95654,70811,69351,69241,69267
"Guayama, PR Metro Area",25020,77367,78823,75019,70764,69845,68442,67526,68194
"Gulfport-Biloxi, MS Metro Area",25060,389255,391266,394232,397261,417665,416259,418082,420782
"Hagerstown-Martinsburg, MD-WV Metro Area",25180,261486,263817,265498,268049,289545,293844,300820,303665
"Hammond, LA Metro Area",25220,128755,130710,132497,133777,134758,133157,135217,137048
"Hanford-Corcoran, CA Metro Area",25260,150965,149785,150101,151366,152940,152486,153443,152981
"Harrisburg-Carlisle, PA Metro Area",25420,565006,568033,571903,574659,577941,591712,596305,603493
"Harrisonburg, VA Metro Area",25500,131131,132822,134442,135277,134964,135571,135824,136555
"Hartford-East Hartford-Middletown, CT Metro Area",25540,1211324,1206836,1210259,1206300,1204877,1213531,1211906,1221303
"Hattiesburg, MS Metro Area",25620,148610,148803,146530,149119,168469,172231,172507,172263
"Heber, UT Micro Area",25720,,,,,76236,77145,79266,79655
"Helena, MT Micro Area",25740,78834,78005,79854,78791,81293,83058,84881,86570
"Hermiston-Pendleton, OR Micro Area",25840,89094,90287,87739,88920,88499,92261,93962,93343
"Hickory-Lenoir-Morganton, NC Metro Area",25860,362510,364187,366534,368416,369711,365276,366441,368347
"Hilo, HI Micro Area",25900,196428,198449,200381,200983,201513,200629,202906,206315
"Hilton Head Island-Bluffton, SC Metro Area",25940,207413,211614,215302,217686,222195,215908,222072,228410
"Hinesville, GA Metro Area",25980,78811,82687,81044,80008,81344,81424,79371,87009
"Hobbs, NM Micro Area",26020,71180,69749,68759,69611,71070,74455,73004,72452
"Holland, MI Micro Area",26090,114625,115548,116447,117327,118081,120502,120950,121210
"Homosassa Springs, FL Metro Area",26140,141058,143621,145647,147929,149657,153843,158083,162529
"Hot Springs, AR Metro Area",26300,97177,97477,98658,99154,99386,100180,100330,100089
"Houma-Thibodaux, LA Metro Area",26380,212297,211525,210512,209136,208075,207137,206212,200656
"Houston-The Woodlands-Sugar Land, TX Metro Area",26420,6656946,6772470,6892427,6997384,7066140,7122240,7206841,7340118
"Huntington-Ashland, WV-KY-OH Metro Area",26580,361580,359588,356474,352823,355873,359862,356581,354304
"Huntsville, AL Metro Area",26620,444752,449720,455448,462693,471824,491723,502728,514465
"Huntsville, TX Micro Area",26660,87693,86285,86215,84993,72971,76400,77977,78870
"Idaho Falls, ID Metro Area",26820,139849,143776,145349,149051,151516,157429,163293,165409
"Indiana, PA Micro Area",26860,86966,86364,84953,84501,84073,83246,82886,82957
"Indianapolis-Carmel-Anderson, IN Metro Area",26900,1988152,2001737,2027059,2048428,2076531,2111040,2129479,2142193
"Iowa City, IA Metro Area",26980,166498,168828,171491,173401,173105,175419,177239,178991
"Ithaca, NY Metro Area",27060,104926,104871,104802,102793,102180,105740,105162,104777
"Jackson, MI Metro Area",27100,159494,158460,158640,158823,158510,160366,160050,160066
"Jackson, MS Metro Area",27140,578561,580178,578794,583080,594800,591978,586758,580661
"Jackson, TN Metro Area",27180,129682,129527,129235,129209,178644,180504,180799,181579
"Jacksonville, FL Metro Area",27260,1449481,1478212,1504980,1534701,1559514,1605848,1637666,1675668
"Jacksonville, NC Metro Area",27340,186311,187136,193893,197683,197938,204576,206160,207298
"Jamestown-Dunkirk-Fredonia, NY Micro Area",27460,130779,129504,129046,127939,126903,127657,126807,126027
"Janesville-Beloit, WI Metro Area",27500,161448,161620,162309,163129,163354,163687,164381,164060
"Jefferson, GA Micro Area",27600,,,67519,70422,72977,75907,80286,83936
"Jefferson City, MO Metro Area",27620,151357,148915,147584,150243,151418,150309,151698,147800
"Johnson City, TN Metro Area",27740,200264,200449,203462,203921,203697,207285,205972,211849
"Johnstown, PA Metro Area",27780,136411,134732,133054,131730,130192,133472,132167,131441
"Jonesboro, AR Metro Area",27860,128394,129858,131269,132532,133860,134196,134878,135512
"Joplin, MO Metro Area",27900,177211,177805,178507,178902,179564,181409,182541,184086
"Kahului-Wailuku-Lahaina, HI Metro Area",27980,164726,165474,166348,167295,167488,164754,164268,164365
"Kalamazoo-Portage, MI Metro Area",28020,335340,336877,338338,340318,265066,261670,261108,261173
"Kalispell, MT Micro Area",28060,96165,98082,100000,102106,103806,104357,108454,111814
"Kankakee, IL Metro Area",28100,110879,110008,109605,110024,109862,107502,106601,106074
"Kansas City, MO-KS Metro Area",28140,2088269,2104115,2126945,2142419,2155068,2192035,2199544,2209152
"Kapaa, HI Micro Area",28180,71735,72029,72159,72133,72293,73298,73454,73810
"Keene, NH Micro Area",28300,75909,75774,75960,76493,76085,76458,77329,77350
"Kennewick-Richland, WA Metro Area",28420,279116,283846,290296,296224,299612,303622,308293,311469
"Key West, FL Micro Area",28580,77482,79077,77013,75027,74228,82874,82170,81708
"Killeen-Temple, TX Metro Area",28660,430642,435887,442693,451681,460993,475367,486416,496228
"Kingsport-Bristol, TN-VA Metro Area",28700,305929,307723,305914,306562,307707,307614,307318,310483
"Kingston, NY Metro Area",28740,180143,179225,179417,178599,177573,181851,182951,182319
"Klamath Falls, OR Micro Area",28900,66016,66443,66935,67653,68238,69413,70164,70212
"Knoxville, TN Metro Area",28940,861679,869076,877874,882598,869525,879773,893002,906674
"Kokomo, IN Metro Area",29020,82556,82568,82363,82366,82544,83658,83687,83574
"La Crosse-Onalaska, WI-MN Metro Area",29100,136985,136936,136934,136808,136616,139627,139211,139094
"Lafayette, LA Metro Area",29180,490488,491528,491558,489364,489207,478384,479212,481125
"Lafayette-West Lafayette, IN Metro Area",29200,214997,217439,218769,222676,233674,223716,224253,226250
"LaGrange, GA-AL Micro Area",29300,69763,70005,69786,70034,103176,104198,104261,104279
"Lake Charles, LA Metro Area",29340,205493,207432,210962,209548,209035,222402,208680,206636
"Lake City, FL Micro Area",29380,68348,69299,69612,70503,71686,69698,70385,71908
"Lake Havasu City-Kingman, AZ Metro Area",29420,204737,205249,207200,209550,212181,213267,217692,220816
"Lakeland-Winter Haven, FL Metro Area",29460,650092,666149,686483,708009,724777,725046,753520,787404
"Lancaster, PA Metro Area",29540,536624,538500,542903,543557,545724,552984,553652,556629
"Lansing-East Lansing, MI Metro Area",29620,472276,475099,477656,481893,550391,541297,540281,540870
"Laredo, TX Metro Area",29700,269721,271193,274794,275910,276652,267114,267945,267780
"Las Cruces, NM Metro Area",29740,214295,214207,215579,217522,218195,219561,221508,223337
"Las Vegas-Henderson-Paradise, NV Metro Area",29820,2114801,2155664,2204079,2231647,2266715,2265461,2292476,2322985
"Laurel, MS Micro Area",29860,85637,85207,86676,81762,83118,83613,82728,80665
"Lawrence, KS Metro Area",29940,118053,119440,120793,121436,122259,118785,119363,119964
"Lawton, OK Metro Area",30020,130581,127762,127735,125696,126043,126652,127078,128081
"Lebanon, NH-VT Micro Area",30100,,,,,216986,221211,223471,223072
"Lebanon, PA Metro Area",30140,137067,138863,139754,141314,141793,143257,143493,144011
"Lewiston, ID-WA Metro Area",30300,62153,62675,62921,63018,62990,64375,64851,65512
"Lewiston-Auburn, ME Metro Area",30340,107233,107319,107651,107679,108277,111139,111034,113023
"Lexington-Fayette, KY Metro Area",30460,500535,506751,512650,516697,517056,516811,517846,517916
"Lima, OH Metro Area",30620,104425,103742,103198,102663,102351,102206,101670,101115
"Lincoln, NE Metro Area",30700,323557,326591,331592,333964,336541,340217,343035,341229
"Little Rock-North Little Rock-Conway, AR Metro Area",30780,730250,734381,738082,741357,744483,748031,749673,757945
"Logan, UT-ID Metro Area",30860,133821,135439,138219,141476,141760,147348,152492,155196
"London, KY Micro Area",30940,127953,128032,127615,128214,148176,149863,150561,150706
"Longview, TX Metro Area",30980,217781,217446,217481,219417,286657,286184,287868,291219
"Longview, WA Metro Area",31020,103468,105160,106910,108987,110593,110730,111524,111956
"Los Angeles-Long Beach-Anaheim, CA Metro Area",31080,13340068,13310447,13353907,13291486,13214799,13200998,12997353,12872322
"Louisville/Jefferson County, KY-IN Metro Area",31140,1279335,1283297,1293722,1296815,1266389,1285439,1284826,1285426
"Lubbock, TX Metro Area",31180,312433,313910,318011,319995,321982,321368,326546,328173
"Lufkin, TX Micro Area",31260,88255,87791,87805,87092,86715,86395,86506,87101
"Lumberton, NC Micro Area",31300,134197,133235,132606,131831,130625,116530,116328,116663
"Lynchburg, VA Metro Area",31340,260504,261167,260116,265405,266186,261593,263571,262458
"Macon-Bibb County, GA Metro Area",31420,231448,226998,229258,226680,231130,233802,232775,235805
"Madera, CA Metro Area",31460,154998,154697,156890,157672,157327,156255,159410,160256
"Madison, WI Metro Area",31540,641385,648929,654230,660422,664865,680796,683183,687077
"Manchester-Nashua, NH Metro Area",31700,406678,407761,409697,415247,417025,422937,424079,426594
"Manhattan, KS Metro Area",31740,98545,97004,98080,97980,130285,134046,133932,133072
"Manitowoc, WI Micro Area",31820,79806,79536,79175,79074,78981,81359,81505,81172
"Mankato, MN Metro Area",31860,99134,100016,100939,101647,101927,103566,103612,104072
"Mansfield, OH Metro Area",31900,121707,121107,120589,121099,121154,124936,125195,125319
"Marinette, WI-MI Micro Area",31940,64432,63772,63356,63417,63130,65374,65174,65254
"Marion, IN Micro Area",31980,67979,66937,66491,65936,65769,66674,66263,66022
"Marion, OH Micro Area",32020,65355,65096,64967,65256,65093,65359,65291,64642
"Marquette, MI Micro Area",32100,67215,66435,66502,66516,66699,66017,66103,66661
"MayagÃƒÂ¼ez, PR Metro Area",32420,98464,93970,94618,87598,94806,97605,96503,95542
"McAllen-Edinburg-Mission, TX Metro Area",32580,842304,849843,860661,865939,868707,870781,880356,888367
"Meadville, PA Micro Area",32740,86484,86257,86159,85063,84629,83938,83351,82670
"Medford, OR Metro Area",32780,212567,216527,217479,219564,220944,223259,223734,221644
"Memphis, TN-MS-AR Metro Area",32820,1343572,1346437,1346626,1350064,1344910,1337779,1336438,1330954
"Merced, CA Metro Area",32900,268455,268672,272673,274765,277680,281202,286461,290014
"Meridian, MS Micro Area",32940,104782,100287,98393,104181,99690,97587,96829,97277
"Miami-Fort Lauderdale-Pompano Beach, FL Metro Area",33100,6012331,6066387,6158824,6198782,6166488,6138333,6091747,6139340
"Michigan City-La Porte, IN Metro Area",33140,110884,110015,110029,110007,109888,112417,112390,111675
"Midland, MI Metro Area",33220,83632,83462,83411,83209,83156,83494,83457,83674
"Midland, TX Metro Area",33260,165427,168323,169643,177218,182782,175220,172231,176109
"Milwaukee-Waukesha, WI Metro Area",33340,1575747,1572482,1576236,1576113,1575179,1574731,1566487,1559792
"Minneapolis-St. Paul-Bloomington, MN-WI Metro Area",33460,3524583,3551036,3600618,3629190,3640043,3690261,3690512,3693729
"Minot, ND Micro Area",33500,80737,79067,77956,75668,74938,77546,77178,76539
"Missoula, MT Metro Area",33540,114181,116130,117441,118791,119600,117922,119533,121041
"Mobile, AL Metro Area",33660,415395,414836,413955,413757,428039,430197,430714,428780
"Modesto, CA Metro Area",33700,538388,541560,547899,549815,550660,552878,552999,551275
"Monroe, LA Metro Area",33740,179238,179470,178445,176805,200261,207104,204884,202869
"Monroe, MI Metro Area",33780,149568,149208,149649,150439,150500,154809,155274,155609
"Montgomery, AL Metro Area",33860,375435,376163,373889,373401,372809,386047,386814,388243
"Morehead City, NC Micro Area",33980,68879,68890,68881,69524,69473,67686,68541,69380
"Morgantown, WV Metro Area",34060,138176,138380,138709,140259,139044,140038,140745,141041
"Morristown, TN Metro Area",34100,116642,117320,118081,118581,142749,142709,143855,146172
"Moses Lake, WA Micro Area",34180,93259,93546,95158,97331,97733,99123,100297,101311
"Mount Airy, NC Micro Area",34340,72743,72113,72224,71948,71783,71359,71152,71403
"Mount Vernon-Anacortes, WA Metro Area",34580,121846,123681,125619,128206,129205,129523,130696,131179
"Muncie, IN Metro Area",34620,116852,115603,115184,114772,114135,111903,111871,112031
"Muskegon, MI Metro Area",34740,172790,173408,173693,173588,173566,175824,176511,176565
"Muskogee, OK Micro Area",34780,69699,69477,69086,68362,67997,66339,66146,66354
"Myrtle Beach-Conway-North Myrtle Beach, SC-NC Metro Area",34820,431964,449295,464165,480891,496901,487722,509794,536165
"Napa, CA Metro Area",34900,142456,142166,140973,139417,137744,138019,136207,134300
"Naples-Marco Island, FL Metro Area",34940,357305,365136,372880,378488,384902,375752,385980,397994
"Nashville-Davidson--Murfreesboro--Franklin, TN Metro Area",34980,1830298,1865535,1904226,1932099,1933860,1989519,2013506,2046715
"New Bern, NC Metro Area",35100,125066,124635,125786,123433,127904,122168,120508,121597
"New Castle, PA Micro Area",35260,88082,87294,87069,86184,85512,86070,85497,84849
"New Haven-Milford, CT Metro Area",35300,859470,856875,860435,857620,854757,864835,863700,870163
"New Orleans-Metairie, LA Metro Area",35380,1262888,1268883,1275762,1270399,1270530,1271845,1261726,1246176
"New Philadelphia-Dover, OH Micro Area",35420,92916,92420,92297,92176,91987,93263,92500,91937
"New York-Newark-Jersey City, NY-NJ-PA Metro Area",35620,20182305,20153634,20320876,19979477,19216182,20140470,19768458,19617869
"Niles, MI Metro Area",35660,154636,154010,154259,154141,153401,154316,153101,152900
"North Port-Sarasota-Bradenton, FL Metro Area",35840,768918,788457,804690,821573,836995,833716,859760,891411
"North Wilkesboro, NC Micro Area",35900,68502,68740,68576,68557,68412,65969,65806,65784
"Norwich-New London, CT Metro Area",35980,271863,269801,269033,266784,265206,268555,268805,269902
"Oak Harbor, WA Micro Area",36020,80593,82636,83159,84460,85141,86857,87432,86625
"Ocala, FL Metro Area",36100,343254,349020,354353,359977,365579,375908,385915,396415
"Ocean City, NJ Metro Area",36140,94727,94430,93553,92560,92039,95263,95661,95634
"Odessa, TX Metro Area",36220,159436,157462,157087,162124,166223,165171,161091,160869
"Ogden-Clearfield, UT Metro Area",36260,644030,656061,666547,676948,683024,694863,708543,714919
"Ogdensburg-Massena, NY Micro Area",36300,111007,110038,109623,108047,107740,108505,108051,107733
"Oklahoma City, OK Metro Area",36420,1358452,1373211,1383737,1396445,1408950,1425695,1441647,1459380
"Olean, NY Micro Area",36460,77922,77677,77348,76840,76117,77042,76426,76439
"Olympia-Lacey-Tumwater, WA Metro Area",36500,269536,275222,280588,286419,290536,294793,297977,298758
"Omaha-Council Bluffs, NE-IA Metro Area",36540,915557,924495,934184,941924,949726,967604,972195,976875
"Opelousas, LA Micro Area",36660,83848,83883,83497,82764,82124,82540,82071,81773
"Orangeburg, SC Micro Area",36700,89208,87903,87476,86934,86175,84223,82962,83094
"Orlando-Kissimmee-Sanford, FL Metro Area",36740,2387138,2441257,2509831,2572962,2608147,2673376,2691925,2764182
"Oshkosh-Neenah, WI Metro Area",36780,169546,169886,170414,171020,171907,171730,171623,170718
"Ottawa, IL Micro Area",36837,,,,,146685,148539,147165,145935
"Owensboro, KY Metro Area",36980,117967,119706,118831,119691,121128,121559,122696,120304
"Oxnard-Thousand Oaks-Ventura, CA Metro Area",37100,850536,849738,854223,850967,846006,843843,839784,832605
"Paducah, KY-IL Micro Area",37140,98597,97937,96937,98658,95748,98660,99498,98623
"Palatka, FL Micro Area",37260,72023,72277,73464,74163,74521,73321,74167,74731
"Palm Bay-Melbourne-Titusville, FL Metro Area",37340,568088,579130,589162,596849,601942,606612,616628,630693
"Panama City, FL Metro Area",37460,197723,200893,202236,202977,174705,175216,179168,185134
"Parkersburg-Vienna, WV Metro Area",37620,92776,90554,90424,92499,89676,89490,88181,89559
"Pensacola-Ferry Pass-Brent, FL Metro Area",37860,478043,485684,487784,494883,502629,509905,516388,523146
"Peoria, IL Metro Area",37900,376987,376044,373637,368683,400912,402391,398473,397009
"Philadelphia-Camden-Wilmington, PA-NJ-DE-MD Metro Area",37980,6069875,6070500,6096120,6096372,6102434,6245051,6228601,6241164
"Phoenix-Mesa-Chandler, AZ Metro Area",38060,4574531,4661537,4737270,4857962,4948203,4845832,4946145,5015678
"Pine Bluff, AR Metro Area",38220,94489,94071,89998,90306,89437,87751,86747,84460
"Pinehurst-Southern Pines, NC Micro Area",38240,94352,95776,97264,98682,100880,99727,102763,105531
"Pittsburgh, PA Metro Area",38300,2353045,2342299,2333367,2324743,2317600,2370930,2353538,2349172
"Pittsfield, MA Metro Area",38340,127828,126903,126313,126348,124944,129026,128657,127859
"Plattsburgh, NY Micro Area",38460,81251,81073,80980,80695,80485,79843,79596,78753
"Pocatello, ID Metro Area",38540,83744,84377,85269,87138,94588,94896,97645,98560
"Ponce, PR Metro Area",38660,318802,309424,300059,288127,217403,224142,219010,214134
"Port Angeles, WA Micro Area",38820,73486,74570,75474,76737,77331,77155,78209,77805
"Portland-South Portland, ME Metro Area",38860,526295,529657,532083,535420,538500,551740,556893,561576
"Portland-Vancouver-Hillsboro, OR-WA Metro Area",38900,2390244,2425325,2451560,2478996,2493221,2512859,2510696,2509140
"Port St. Lucie, FL Metro Area",38940,454846,465208,473429,482040,489297,487657,503521,520710
"Portsmouth, OH Micro Area",39020,76825,76088,75929,75502,75314,74008,73346,72194
"Pottsville, PA Micro Area",39060,144590,143573,142569,142067,141359,143049,143264,143104
"Poughkeepsie-Newburgh-Middletown, NY Metro Area",39100,,,,,679158,697221,701637,703486
"Prescott Valley-Prescott, AZ Metro Area",39150,,,,,235099,236209,242253,246191
"Providence-Warwick, RI-MA Metro Area",39300,1613070,1614750,1621122,1621337,1624578,1676579,1675774,1673802
"Provo-Orem, UT Metro Area",39340,585257,602543,617678,632705,649603,671185,696699,714454
"Pueblo, CO Metro Area",39380,163591,165123,166475,167529,168424,168162,169622,169544
"Punta Gorda, FL Metro Area",39460,173115,178465,182033,184998,188910,186847,194843,202661
"Quincy, IL-MO Micro Area",39500,77450,76186,75241,76007,76265,75769,74323,74577
"Racine, WI Metro Area",39540,195080,195140,196071,196584,196311,197727,196896,195846
"Raleigh-Cary, NC Metro Area",39580,1273568,1302946,1335079,1362540,1390785,1413982,1448411,1484338
"Rapid City, SD Metro Area",39660,145457,143367,147087,147316,142191,139074,141190,144890
"Reading, PA Metro Area",39740,415271,414812,417854,420152,421164,428849,429342,430449
"Red Bluff, CA Micro Area",39780,,,,,65084,65829,65498,65245
"Redding, CA Metro Area",39820,179533,179631,179921,180040,180080,182155,182139,180930
"Reno, NV Metro Area",39900,451138,457387,465208,471265,475290,490596,496997,501206
"Rexburg, ID Micro Area",39940,,,,,,66301,67455,69877
"Richmond, IN Micro Area",39980,67001,66568,66185,65936,65884,66553,66456,66273
"Richmond, VA Metro Area",40060,1271142,1282066,1301540,1303621,1290866,1314434,1317525,1341227
"Richmond-Berea, KY Micro Area",40080,102997,106623,108625,108961,104819,106864,109390,108798
"Rio Grande City-Roma, TX Micro Area",40100,,,,,,65920,66049,65728
"Riverside-San Bernardino-Ontario, CA Metro Area",40140,4489159,4527837,4580670,4622361,4650631,4599839,4653105,4667558
"Roanoke, VA Metro Area",40220,311901,312576,312688,314515,312796,315251,315442,315389
"Roanoke Rapids, NC Micro Area",40260,72882,71766,71172,70250,69493,66093,65470,65635
"Rochester, MN Metro Area",40340,213873,215884,218280,219802,221921,226329,227151,228073
"Rochester, NY Metro Area",40380,1081954,1078879,1077948,1071082,1069644,1090135,1084973,1081152
"Rockford, IL Metro Area",40420,340663,339376,338291,337658,336116,338798,336278,335342
"Rocky Mount, NC Metro Area",40580,148069,147323,146738,146021,145770,143870,143535,144090
"Rome, GA Metro Area",40660,96504,96560,97613,97927,98498,98584,98771,99443
"Roseburg, OR Micro Area",40700,107685,108457,109405,110283,110980,111201,111978,112297
"Russellville, AR Micro Area",40780,85103,85331,85358,85535,85413,83644,83944,84194
"Sacramento-Roseville-Folsom, CA Metro Area",40900,2274194,2296418,2324884,2345210,2363730,2397382,2411428,2416702
"Saginaw, MI Metro Area",40980,193307,192326,191934,190800,190539,190124,189591,188330
"St. Cloud, MN Metro Area",41060,194418,195644,197759,199801,201964,199671,200406,201868
"St. George, UT Metro Area",41100,155602,160245,165662,171700,177556,180279,191226,197680
"St. Joseph, MO-KS Metro Area",41140,127421,127528,127092,126991,125411,121467,120274,119619
"St. Louis, MO-IL Metro Area",41180,2812313,2807954,2807216,2804724,2801423,2820253,2806615,2799828
"Salem, OH Micro Area",41400,104806,103685,103077,102665,101883,101877,101310,100511
"Salem, OR Metro Area",41420,410091,418139,424982,432102,433903,433353,436283,436317
"Salinas, CA Metro Area",41500,433898,435232,437907,435594,434061,439035,437325,432858
"Salisbury, MD-DE Metro Area",41540,395300,400200,405853,409979,415726,418046,429223,439031
"Salt Lake City, UT Metro Area",41620,1170266,1186187,1203105,1222540,1232696,1257936,1263061,1266191
"San Angelo, TX Metro Area",41660,120106,120189,119317,119310,121376,122888,122066,121834
"San Antonio-New Braunfels, TX Metro Area",41700,2381828,2429609,2473974,2518036,2550960,2558143,2601788,2655342
"San Diego-Chula Vista-Carlsbad, CA Metro Area",41740,3299521,3317749,3337685,3343364,3338330,3298634,3286069,3276208
"Sandusky, OH Micro Area",41780,75550,75107,74817,74615,74266,75622,74852,74501
"Sanford, NC Micro Area",41820,,,,,,63285,,65476
"San Francisco-Oakland-Berkeley, CA Metro Area",41860,4656132,4679166,4727357,4729484,4731803,4749008,4623264,4579599
"San GermÃƒÂ¡n, PR Metro Area",41900,128611,128367,123820,118510,116646,125100,119361,120911
"San Jose-Sunnyvale-Santa Clara, CA Metro Area",41940,1976836,1978816,1998463,1999107,1990660,2000468,1952185,1938524
"San Juan-BayamÃƒÂ³n-Caguas, PR Metro Area",41980,2200767,2160992,2116599,2024604,2031885,2081265,2070305,2042157
"San Luis Obispo-Paso Robles, CA Metro Area",42020,281401,282887,283405,284010,283111,282424,283159,282013
"Santa Cruz-Watsonville, CA Metro Area",42100,274146,274673,275897,274255,273213,270861,267792,264370
"Santa Fe, NM Metro Area",42140,148686,148651,148750,150056,150358,154823,155201,155664
"Santa Maria-Santa Barbara, CA Metro Area",42200,444769,446170,448150,446527,446499,448229,446475,443837
"Santa Rosa-Petaluma, CA Metro Area",42220,502146,503070,504217,499942,494336,488863,485887,482650
"Savannah, GA Metro Area",42340,379199,384024,387543,389494,393353,404798,410008,418373
"Scranton--Wilkes-Barre, PA Metro Area",42540,558166,555225,555426,555485,553885,567559,567750,567998
"Searcy, AR Micro Area",42620,79161,79263,79016,78727,78753,76822,77207,77755
"Seattle-Tacoma-Bellevue, WA Metro Area",42660,3733580,3798902,3867046,3939363,3979845,4018762,4011553,4034248
"Sebastian-Vero Beach, FL Metro Area",42680,147919,151563,154383,157413,159923,159788,163662,167352
"Sebring-Avon Park, FL Metro Area",42700,99491,100917,102883,105424,106221,101235,103296,105618
"Seneca, SC Micro Area",42860,75713,76355,77270,78374,79546,78607,79203,80180
"Sevierville, TN Micro Area",42940,95946,96673,97638,97892,98250,98380,99517,98789
"Shawnee, OK Micro Area",43060,71875,72290,72226,72679,72592,72454,73019,73533
"Sheboygan, WI Metro Area",43100,115569,115427,115344,115456,115340,118034,117747,117841
"Shelby, NC Micro Area",43140,96879,97144,97334,97645,97947,99519,100359,100670
"Shelton, WA Micro Area",43220,,,,65507,66768,65726,67615,68166
"Sherman-Denison, TX Metro Area",43300,125467,128235,131140,133991,136212,135543,139336,143131
"Show Low, AZ Micro Area",43320,108277,110026,108956,110445,110924,106717,108147,108650
"Shreveport-Bossier City, LA Metro Area",43340,443708,441767,440933,436341,394706,393406,389155,385154
"Sierra Vista-Douglas, AZ Metro Area",43420,126427,125770,124756,126770,125922,125447,126050,125663
"Sioux City, IA-NE-SD Metro Area",43580,165491,167947,169131,169354,144670,149940,149400,151207
"Sioux Falls, SD Metro Area",43620,252234,256479,259650,266100,268833,276730,282557,289295
"Somerset, KY Micro Area",43700,,,,,,65034,65423,65795
"Somerset, PA Micro Area",43740,75522,75061,74501,73952,73447,74129,73627,72710
"South Bend-Mishawaka, IN-MI Metro Area",43780,320098,320740,321815,322424,323613,324501,323695,323637
"Spartanburg, SC Metro Area",43900,325079,329136,334391,341298,319785,327997,335864,345831
"Spokane-Spokane Valley, WA Metro Area",44060,546807,556264,564291,573527,568521,585784,593466,597919
"Springfield, IL Metro Area",44100,211598,208892,207596,207676,207003,208640,207245,205513
"Springfield, MA Metro Area",44140,631982,630283,631652,631761,697382,699162,695305,694523
"Springfield, MO Metro Area",44180,455074,456434,461469,468126,467516,475432,479598,484613
"Springfield, OH Metro Area",44220,135959,134786,134557,134585,134083,136001,135633,134831
"State College, PA Metro Area",44300,160580,161464,162660,162805,162385,158172,157527,158425
"Statesboro, GA Micro Area",44340,72651,74722,76149,77296,79608,81099,82442,83059
"Staunton, VA Metro Area",44420,120221,121247,121999,123007,123120,125433,125774,126776
"Stevens Point, WI Micro Area",44620,70408,70447,70474,70942,70772,70377,70468,70718
"Stillwater, OK Micro Area",44660,80850,81131,81575,82040,81784,81646,81989,82794
"Stockton, CA Metro Area",44700,726106,733709,745424,752660,762148,779233,789410,793229
"Sumter, SC Metro Area",44940,107480,107396,106847,106512,140466,136700,135782,134925
"Sunbury, PA Micro Area",44980,93246,92541,92029,91083,90843,91647,91266,90133
"Syracuse, NY Metro Area",45060,660458,656510,654841,650502,648593,662057,658281,653633
"Talladega-Sylacauga, AL Micro Area",45180,91770,89802,89513,92812,79978,82149,81524,80704
"Tallahassee, FL Metro Area",45220,378593,380110,385473,387455,386454,384298,387127,391680
"Tampa-St. Petersburg-Clearwater, FL Metro Area",45300,2975225,3032171,3091399,3142663,3194831,3175275,3219514,3290730
"Terre Haute, IN Metro Area",45460,172107,169518,165798,168679,185782,185031,186369,183571
"Texarkana, TX-AR Metro Area",45500,151316,149721,152188,151675,149308,147519,146424,144322
"The Villages, FL Metro Area",45540,118891,123996,125165,128754,132420,129752,135638,144970
"Toledo, OH Metro Area",45780,605956,605221,603668,602871,641816,646604,644217,640384
"Topeka, KS Metro Area",45820,233791,233068,233149,232594,231969,233152,232670,231783
"Torrington, CT Micro Area",45860,183603,182571,182177,181111,180333,185186,185000,183717
"Traverse City, MI Micro Area",45900,148334,148684,148671,149914,150653,153448,154685,155813
"Trenton-Princeton, NJ Metro Area",45940,371398,371023,374733,369811,367430,387340,385898,380688
"Truckee-Grass Valley, CA Micro Area",46020,98877,99107,99814,99696,99755,102241,103487,102293
"Tucson, AZ Metro Area",46060,1010025,1016206,1022769,1039073,1047279,1043433,1052030,1057597
"Tullahoma-Manchester, TN Micro Area",46100,102576,102563,103235,104410,104382,107124,107220,110100
"Tulsa, OK Metro Area",46140,980794,987958,990773,993928,998655,1015331,1024191,1033157
"Tupelo, MS Micro Area",46180,139817,140460,140081,140552,166126,163398,163162,163043
"Tuscaloosa, AL Metro Area",46220,241851,239593,242279,244895,251836,268674,266638,277274
"Twin Falls, ID Metro Area",46300,105312,106814,110483,109264,109784,114283,118253,118638
"Tyler, TX Metro Area",46340,222936,225290,227727,230221,232751,233479,237186,241922
"Ukiah, CA Micro Area",46380,87649,87628,88018,87606,86749,91601,91305,89783
"Urban Honolulu, HI Metro Area",46520,998714,992605,988650,980080,974563,1016508,1000890,995638
"Utica-Rome, NY Metro Area",46540,295600,293803,293572,291410,289990,292264,290211,288668
"Valdosta, GA Metro Area",46660,142202,144504,145871,145577,145738,148126,147916,151408
"Vallejo, CA Metro Area",46700,436092,440207,445458,446610,447643,453491,451716,448747
"Victoria, TX Metro Area",47020,99040,100227,100228,99047,99090,98331,100796,97160
"Vineland-Bridgeton, NJ Metro Area",47220,155854,153797,152538,150972,149527,154152,153627,151356
"Virginia Beach-Norfolk-Newport News, VA-NC Metro Area",47260,1723351,1725937,1724388,1729114,1765031,1799674,1806423,1808102
"Visalia, CA Metro Area",47300,459863,460437,464493,465861,466195,473117,477054,477544
"Waco, TX Metro Area",47380,262425,264869,267554,270566,270868,277547,280485,282813
"Walla Walla, WA Metro Area",47460,64056,64210,64831,65611,60760,62584,62682,61890
"Warner Robins, GA Metro Area",47580,187953,189753,192766,193729,185409,191614,195246,198193
"Warsaw, IN Micro Area",47700,78620,79092,79206,79344,79456,80240,80106,80826
"Washington-Arlington-Alexandria, DC-VA-MD-WV Metro Area",47900,6098283,6133552,6216710,6251240,6280697,6385162,6358652,6373829
"Waterloo-Cedar Falls, IA Metro Area",47940,170612,170015,169892,169659,168522,168461,167796,167889
"Watertown-Fort Atkinson, WI Micro Area",48020,84559,84625,84832,85129,84769,84900,84943,85784
"Watertown-Fort Drum, NY Metro Area",48060,117635,114006,114187,111755,109834,116721,116295,116637
"Wausau-Weston, WI Metro Area",48140,135868,135603,135732,135428,163285,166428,166189,166334
"Weirton-Steubenville, WV-OH Metro Area",48260,121403,120861,119664,120228,115816,116903,113798,114066
"Wenatchee, WA Metro Area",48300,116178,117665,118478,119943,120629,122012,123342,124118
"Wheeling, WV-OH Metro Area",48540,144198,142982,141254,140045,138948,139513,137740,136708
"Whitewater, WI Micro Area",48580,102804,102959,103082,103718,103868,106478,106799,105380
"Wichita, KS Metro Area",48620,644502,645447,646542,645031,640218,647610,647919,650039
"Wichita Falls, TX Metro Area",48660,150780,150734,151230,151306,151254,148128,149013,149299
"Williamsport, PA Metro Area",48700,116048,115248,113841,113664,113299,114188,113605,113104
"Wilmington, NC Metro Area",48900,277969,282573,288156,294436,297533,285905,291833,300658
"Wilson, NC Micro Area",48980,81714,81661,81671,81455,81801,78784,78369,78449
"Winchester, VA-WV Metro Area",49020,133621,138878,139223,141848,139125,142632,142562,145300
"Winston-Salem, NC Metro Area",49180,659330,662079,667733,671456,676008,675966,681438,688471
"Wisconsin Rapids-Marshfield, WI Micro Area",49220,73435,73107,73126,73055,72999,74207,74070,73993
"Wooster, OH Micro Area",49300,116063,116470,116038,115967,115710,116894,116710,116559
"Worcester, MA-CT Metro Area",49340,935536,935781,942475,947866,947404,978529,978447,980836
"Yakima, WA Metro Area",49420,248830,249636,250193,251446,250873,256728,256035,257001
"Yauco, PR Metro Area",49500,,,,,89949,86142,88542,82171
"York-Hanover, PA Metro Area",49620,442867,443744,446078,448273,449058,456438,458696,461058
"Youngstown-Warren-Boardman, OH-PA Metro Area",49660,549885,544746,541926,538952,536081,541243,538069,535499
"Yuba City, CA Metro Area",49700,170955,171926,173679,174848,175639,181208,182484,182813
"Yuma, AZ Metro Area",49740,204275,205631,207534,212128,213787,203881,206990,207842
"Zanesville, OH Micro Area",49780,86290,86068,86149,86183,86215,86410,86408,86113
